{
    "Role Definition": {
        "name": "dbacademy-labs-prod",
        "account": "981174701421",

        "Trust Relationship": {
            "Version": "2012-10-17",
            "Statement": [
                {
                    "Effect": "Allow",
                    "Principal": {
                        "Service": "lambda.amazonaws.com"
                    },
                    "Action": "sts:AssumeRole"
                }
            ]
        },

        "Inline Policy #1 - RestrictToSingleLambda": {
            "Version": "2012-10-17",
            "Statement": [
                {
                    "Sid": "WhitelistSpecificLambdaFunction",
                    "Effect": "Deny",
                    "Action": "*",
                    "Resource": "*",
                    "Condition": {
                        "StringNotLike": {
                            "aws:userid": "*:dbacademy-labs-prod"
                        }
                    }
                }
            ]
        },

        "Inline Policy #2 - LambdaAccess": {
            "Version": "2012-10-17",
            "Statement": [
                {
                    "Effect": "Allow",
                    "Action": "logs:CreateLogGroup",
                    "Resource": "arn:aws:logs:us-west-2:981174701421:*"
                },
                {
                    "Effect": "Allow",
                    "Action": [
                        "logs:CreateLogStream",
                        "logs:PutLogEvents"
                    ],
                    "Resource": [
                        "arn:aws:logs:us-west-2:981174701421:log-group:/aws/lambda/dbacademy-labs-prod:*"
                    ]
                },
                {
                    "Effect": "Allow",
                    "Action": [
                        "s3:ListBucket",
                        "s3:GetObject",
                        "s3:PutObject"
                    ],
                    "Resource": [
                        "arn:aws:s3:::dbacademy",
                        "arn:aws:s3:::dbacademy/*",
                        "arn:aws:s3:::files.training.databricks.com",
                        "arn:aws:s3:::files.training.databricks.com/*",
                        "arn:aws:s3:::secured.training.databricks.com",
                        "arn:aws:s3:::secured.training.databricks.com/*",
                        "arn:aws:s3:::resources.training.databricks.com",
                        "arn:aws:s3:::resources.training.databricks.com/*"
                    ]
                },
                {
                    "Sid": "SecretsManagerPrefixedAccess",
                    "Effect": "Allow",
                    "Action": [
                        "secretsmanager:GetSecretValue",
                        "secretsmanager:DescribeSecret"
                    ],
                    "Resource": [
                        "arn:aws:secretsmanager:*:981174701421:secret:dbacademy-prod-*"
                    ]
                },
                {
                    "Sid": "DynamoDBPrefixedAccess",
                    "Effect": "Allow",
                    "Action": [
                        "dynamodb:BatchGetItem",
                        "dynamodb:GetItem",
                        "dynamodb:Query",
                        "dynamodb:Scan",
                        "dynamodb:BatchWriteItem",
                        "dynamodb:PutItem",
                        "dynamodb:UpdateItem"
                    ],
                    "Resource": "arn:aws:logs:us-west-2:981174701421:table/dbacademy-prod-*"
                },
                {
                    "Sid": "SES",
                    "Effect": "Allow",
                    "Action": "ses:SendEmail",
                    "Resource": "*"
                }
            ]
        }
    }
}
